mukey,hzdept_r,hzdepb_r,sandtotal_r,silttotal_r,claytotal_r,om_r
422917,114.0,152.0,92.1,1.9,6.0,0.25
422920,30.333333333333332,81.0,89.33333333333333,2.5,8.166666666666666,1.5999999999999999
422921,42.5,80.5,77.225,13.275,9.5,0.575
422922,5.0,53.5,96.95,1.05,2.0,0.5
422923,5.0,53.5,96.95,1.05,2.0,0.5
422924,5.0,53.5,96.95,1.05,2.0,0.5
422925,5.0,53.5,96.95,1.05,2.0,0.5
422926,45.0,95.66666666666667,89.56666666666666,6.433333333333333,4.0,0.6
422927,37.666666666666664,88.33333333333333,88.03333333333335,7.8,4.166666666666667,1.9666666666666668
422929,39.666666666666664,90.33333333333333,90.73333333333333,4.266666666666667,5.0,0.4166666666666667
422930,39.666666666666664,90.33333333333333,90.73333333333333,4.266666666666667,5.0,0.4166666666666667
422931,39.666666666666664,90.33333333333333,90.73333333333333,4.266666666666667,5.0,0.4166666666666667
422936,11.5,35.5,72.2,17.8,10.0,0.5
422938,79.0,97.0,90.7,1.8,7.5,0.05
422939,79.0,97.0,90.7,1.8,7.5,0.05
422940,48.333333333333336,99.0,17.333333333333332,61.833333333333336,20.833333333333332,1.1666666666666667
422941,48.333333333333336,99.0,17.333333333333332,61.833333333333336,20.833333333333332,1.1666666666666667
422943,33.333333333333336,97.22222222222223,16.711111111111112,44.62222222222222,38.666666666666664,0.9166666666666666
422944,39.666666666666664,90.33333333333333,19.5,43.5,37.0,0.9166666666666666
422945,39.666666666666664,90.33333333333333,19.5,43.5,37.0,0.9166666666666666
422946,59.5,120.5,33.1,50.65,16.25,0.375
422947,47.2,77.6,85.54,7.56,6.9,0.5
422948,29.428571428571427,86.57142857142857,17.37142857142857,46.48571428571428,36.142857142857146,1.0357142857142858
422949,37.0,87.66666666666667,90.46666666666665,4.2,5.333333333333333,0.8333333333333334
422950,30.333333333333332,81.0,86.5,9.166666666666666,4.333333333333333,3.4166666666666665
422951,63.4,93.8,71.53999999999999,18.060000000000002,10.4,0.5
422952,63.4,93.8,71.53999999999999,18.060000000000002,10.4,0.5
422953,63.4,93.8,71.53999999999999,18.060000000000002,10.4,0.5
422954,76.0,200.0,18.0,52.0,30.0,2.0
422956,41.333333333333336,85.06666666666666,91.50666666666666,4.093333333333333,4.4,0.5066666666666667
422957,41.333333333333336,85.06666666666666,91.50666666666667,4.093333333333333,4.4,0.5066666666666666
422958,38.5,78.85714285714286,90.96428571428571,4.285714285714286,4.75,0.45357142857142857
422959,35.45454545454545,72.27272727272727,89.85454545454546,5.054545454545454,5.090909090909091,0.4181818181818182
422960,34.333333333333336,101.0,12.566666666666668,44.51666666666667,42.916666666666664,1.9166666666666667
422961,62.0,92.4,82.92,10.48,6.6,0.31
422962,62.0,92.4,82.92,10.48,6.6,0.31
422963,62.0,92.4,82.92,10.48,6.6,0.31
422964,91.0,152.0,47.0,47.0,6.0,0.25
422965,39.0,89.66666666666667,86.43333333333334,9.066666666666666,4.5,0.6
422966,82.5,120.5,67.3,21.45,11.25,0.15
422968,10.0,36.5,87.94999999999999,5.55,6.5,3.125
422970,38.0,88.66666666666667,79.7,12.466666666666667,7.833333333333333,0.4166666666666667
422971,38.0,88.66666666666667,79.7,12.466666666666667,7.833333333333333,0.4166666666666667
422972,35.333333333333336,86.0,79.7,12.466666666666667,7.833333333333333,0.4166666666666667
426160,28.666666666666668,79.33333333333333,57.966666666666676,20.86666666666667,21.166666666666668,3.0
426161,28.666666666666668,79.33333333333333,57.966666666666676,19.533333333333335,22.5,3.0
426162,0.0,152.0,,,16.0,
426163,0.0,152.0,,,11.5,
426164,30.5,68.5,47.925,31.950000000000003,20.125,1.9375
426165,45.666666666666664,96.33333333333333,36.86666666666667,42.96666666666667,20.166666666666668,3.0
426166,33.0,83.66666666666667,16.666666666666668,53.166666666666664,30.166666666666668,6.0
426167,31.25,50.25,48.05,35.7,16.25,0.8875
426169,38.25,76.25,80.375,11.499999999999998,8.125,1.75
426170,38.25,76.25,80.375,11.499999999999998,8.125,1.75
426171,38.25,76.25,80.375,11.499999999999998,8.125,1.75
426172,38.25,76.25,80.375,11.499999999999998,8.125,1.75
426173,28.0,78.66666666666667,17.53333333333333,48.96666666666666,33.5,0.8333333333333334
426174,40.5,116.5,,,,60.0
426175,21.0,87.66666666666667,57.36666666666667,27.633333333333336,15.0,0.8333333333333334
426176,18.666666666666668,85.33333333333333,57.36666666666667,27.633333333333336,15.0,0.8333333333333334
426177,15.333333333333334,81.66666666666667,66.01666666666667,23.650000000000002,10.333333333333334,1.1666666666666667
426178,34.0,84.66666666666667,42.1,37.9,20.0,48.416666666666664
426179,31.75,69.75,57.75,23.75,18.5,0.7
426180,47.0,85.0,63.35,25.275,11.375,2.0
426181,35.666666666666664,86.33333333333333,39.7,36.55,16.833333333333332,1.0999999999999999
426182,47.0,85.0,52.225,33.275,14.5,3.0
426184,21.333333333333332,72.0,44.150000000000006,36.35,14.666666666666666,3.5
426186,0.0,25.0,94.0,4.0,2.0,0.1
426187,22.0,88.66666666666667,40.666666666666664,37.666666666666664,21.666666666666668,1.3333333333333333
426188,19.666666666666668,86.33333333333333,46.0,34.666666666666664,19.333333333333332,1.3333333333333333
426189,22.666666666666668,73.33333333333333,32.166666666666664,53.5,14.333333333333334,5.0
426190,29.666666666666668,80.33333333333333,39.6,26.23333333333333,34.166666666666664,2.0
426191,29.666666666666668,80.33333333333333,39.6,26.23333333333333,34.166666666666664,2.0
426192,49.0,87.0,43.375,31.625,25.0,2.0
426193,33.333333333333336,97.22222222222223,16.711111111111112,44.62222222222222,38.666666666666664,0.9166666666666666
426194,31.875,103.75,16.7875,44.4,38.8125,0.9375
426195,29.666666666666668,80.33333333333333,27.766666666666666,38.06666666666667,34.166666666666664,2.0
426196,29.666666666666668,80.33333333333333,27.766666666666666,38.06666666666667,34.166666666666664,2.0
426197,29.666666666666668,80.33333333333333,27.766666666666666,38.06666666666667,34.166666666666664,2.0
426198,29.666666666666668,80.33333333333333,20.266666666666666,35.9,43.833333333333336,1.5
426199,29.666666666666668,80.33333333333333,20.033333333333335,35.800000000000004,44.166666666666664,1.5
426200,29.666666666666668,80.33333333333333,20.266666666666666,35.9,43.833333333333336,1.5
426201,37.0,93.8,18.82,41.17999999999999,40.0,2.0
426202,37.0,93.8,18.82,41.17999999999999,40.0,2.0
426203,38.25,98.25,29.175,38.7,32.125,2.0
426204,45.5,109.0,29.6,48.4,22.0,
426205,36.333333333333336,64.33333333333333,29.733333333333334,44.76666666666667,25.5,0.6666666666666666
426206,36.333333333333336,64.33333333333333,29.733333333333334,44.76666666666667,25.5,0.6666666666666666
426207,38.142857142857146,95.28571428571429,24.47142857142857,52.028571428571425,23.5,1.7157142857142857
426209,34.857142857142854,92.0,16.04285714285714,45.81428571428571,38.142857142857146,1.0357142857142858
426210,53.5,91.5,55.2,17.425,27.375,3.0
426211,53.5,91.5,55.2,17.425,27.375,3.0
426212,53.5,91.5,51.75,20.5,27.75,3.0
426213,44.0,120.0,93.6,1.4,5.0,35.125
426215,48.333333333333336,99.0,59.63333333333333,24.366666666666664,16.0,0.4166666666666667
426216,0.0,15.0,29.7,54.3,16.0,3.0
426217,0.0,15.0,29.7,54.3,16.0,3.0
426218,19.22222222222222,35.77777777777778,47.7,36.4875,15.8125,1.8285714285714287
426219,35.5,111.5,5.3,44.7,50.0,79.5
426220,29.25,67.25,49.95,32.175000000000004,17.875,2.0
426223,29.25,67.25,44.425,37.45,18.125,2.0
426226,0.0,18.0,65.9,19.1,15.0,1.25
426227,0.0,18.0,65.9,19.1,15.0,1.25
426228,24.666666666666668,91.33333333333333,12.6,48.23333333333333,39.166666666666664,1.1666666666666667
426229,24.666666666666668,91.33333333333333,12.6,48.23333333333333,39.166666666666664,1.1666666666666667
426230,0.0,18.0,26.3,52.7,21.0,2.0
426231,0.0,18.0,26.3,52.7,21.0,2.0
426232,0.0,18.0,26.3,52.7,21.0,2.0
426233,0.0,18.0,26.3,52.7,21.0,2.0
426234,37.333333333333336,104.0,9.5,46.666666666666664,43.833333333333336,1.1666666666666667
426236,42.875,108.375,23.6625,52.025,24.3125,1.75125
426237,34.333333333333336,101.0,12.566666666666668,44.51666666666667,42.916666666666664,1.9166666666666667
426240,11.333333333333334,62.0,93.6,1.4,5.0,50.0
426241,18.444444444444443,34.77777777777778,49.4375,34.75,15.8125,1.8285714285714287
426242,34.666666666666664,85.33333333333333,59.96666666666667,24.53333333333333,15.5,5.0
426243,24.333333333333332,75.0,96.83333333333333,0.6666666666666666,2.5,0.75
426244,24.333333333333332,75.0,96.83333333333333,0.6666666666666666,2.5,0.75
426245,24.333333333333332,75.0,91.06666666666666,5.933333333333333,3.0,0.75
426246,24.333333333333332,75.0,91.06666666666666,5.933333333333333,3.0,0.75
426247,0.0,20.0,26.3,52.7,21.0,6.0
426248,28.0,78.66666666666667,42.666666666666664,37.666666666666664,19.666666666666668,2.0
426249,28.0,78.66666666666667,42.666666666666664,37.666666666666664,19.666666666666668,2.0
426250,28.0,78.66666666666667,42.666666666666664,37.666666666666664,19.666666666666668,2.0
426251,28.0,78.66666666666667,29.766666666666666,50.56666666666666,19.666666666666668,2.0
426252,28.0,78.66666666666667,29.766666666666666,50.56666666666666,19.666666666666668,2.0
426253,29.666666666666668,80.33333333333333,60.79999999999999,25.866666666666664,13.333333333333334,0.8333333333333334
426254,29.666666666666668,80.33333333333333,52.5,32.5,15.0,0.8333333333333334
426255,0.0,76.0,,,17.0,
426256,0.0,36.0,43.0,38.5,18.5,1.5
426257,0.0,36.0,43.0,38.5,18.5,1.5
426258,17.666666666666668,33.0,34.36666666666667,41.3,24.333333333333332,0.75
426259,24.666666666666668,75.33333333333333,83.53333333333333,11.299999999999999,5.166666666666667,2.0
426261,29.666666666666668,80.33333333333333,54.833333333333336,22.166666666666668,23.0,6.0
426262,41.6,72.0,44.42,38.98,16.6,0.6
426263,52.0,84.25,38.8,42.95,18.25,0.25
426264,52.0,84.25,38.8,42.95,18.25,0.25
426265,52.0,84.25,38.8,42.95,18.25,0.25
426266,52.0,84.25,38.8,42.95,18.25,0.25
426267,42.875,89.0,48.1625,34.9625,16.875,0.5
426268,42.875,89.0,48.1625,34.9625,16.875,0.5
426269,18.666666666666668,69.33333333333333,59.06666666666666,30.433333333333334,10.5,3.0
426270,18.666666666666668,69.33333333333333,46.699999999999996,41.96666666666667,11.333333333333334,3.0
431262,50.0,88.0,46.125,36.99999999999999,16.875,1.9375
431264,37.5,75.5,59.275000000000006,32.1,8.625,0.8125
431265,56.6,87.0,22.0,59.5,18.5,1.16
431267,69.6,110.2,67.22,23.18,9.6,0.6
431268,69.6,110.2,67.22,23.18,9.6,0.6
431269,44.2,74.6,38.58,47.82000000000001,13.6,0.7
431270,44.2,74.6,38.58,47.82000000000001,13.6,0.7
431271,44.2,74.6,38.58,47.82000000000001,13.6,0.7
431272,29.0,51.75,67.575,20.925,11.5,0.7625
431273,29.0,51.75,67.575,20.925,11.5,0.7625
431274,29.0,51.75,67.575,20.925,11.5,0.7625
431275,29.0,51.75,57.974999999999994,29.650000000000002,12.375,0.7625
431276,29.0,51.75,57.974999999999994,29.650000000000002,12.375,0.7625
431277,44.0,82.0,25.575000000000003,59.175000000000004,15.25,2.3875
431278,36.0,74.0,22.4,63.849999999999994,13.75,2.0
431279,79.0,152.0,43.0,38.5,18.5,0.25
431280,46.166666666666664,71.5,31.26666666666667,54.900000000000006,13.833333333333334,0.7916666666666666
431281,38.6,69.0,14.38,66.02000000000001,19.6,0.7
431282,46.5,82.5,50.75,37.75,11.5,1.9375
431284,29.25,67.25,77.775,14.850000000000001,7.375,0.6375
431285,29.25,67.25,77.775,14.850000000000001,7.375,0.6375
431286,29.25,67.25,77.775,14.850000000000001,7.375,0.6375
431287,37.44444444444444,71.22222222222223,74.28888888888889,18.099999999999998,7.611111111111111,0.6222222222222222
431288,44.2,74.6,17.880000000000003,64.42,17.7,0.9
431289,30.428571428571427,73.85714285714286,82.12857142857142,10.8,7.071428571428571,0.47857142857142854
431290,30.428571428571427,73.85714285714286,82.12857142857142,10.8,7.071428571428571,0.47857142857142854
431291,37.4,67.8,17.94,64.66,17.4,0.85
431292,37.4,67.8,17.94,64.66,17.4,0.85
431293,31.75,55.25,19.225,63.9,16.875,0.8875
431294,31.75,55.25,19.225,63.9,16.875,0.8875
431295,31.75,55.25,19.225,63.9,16.875,0.8875
431297,29.666666666666668,80.33333333333333,51.800000000000004,37.36666666666667,10.833333333333334,7.0
431298,76.2,126.4,53.9,35.9,10.2,0.6599999999999999
431299,76.2,126.4,53.9,35.9,10.2,0.6599999999999999
431300,33.25,71.25,91.3,5.199999999999999,3.5,0.5
431302,71.6,116.4,67.26,22.44,10.3,0.7
431303,71.6,116.4,67.26,22.44,10.3,0.7
431304,71.6,116.4,67.26,22.44,10.3,0.7
431305,17.666666666666668,43.0,69.3,19.866666666666667,10.833333333333334,0.8333333333333334
431306,17.666666666666668,43.0,69.3,19.866666666666667,10.833333333333334,0.8333333333333334
431307,17.666666666666668,43.0,61.93333333333334,27.233333333333334,10.833333333333334,0.8333333333333334
431308,12.6,42.0,79.75999999999999,12.34,7.9,0.7
431309,50.8,81.2,46.52,42.17999999999999,11.3,0.6599999999999999
431310,112.0,152.0,93.6,1.4,5.0,0.25
431311,28.0,78.66666666666667,90.46666666666665,4.2,5.333333333333333,0.6833333333333332
431312,32.81818181818182,74.27272727272727,85.09090909090908,10.172727272727274,4.736363636363636,0.6
431313,32.81818181818182,74.27272727272727,85.09090909090908,10.172727272727274,4.736363636363636,0.6
431314,32.57142857142857,76.0,81.54285714285713,13.014285714285716,5.442857142857143,0.6571428571428571
431315,32.57142857142857,76.0,81.54285714285713,13.014285714285716,5.442857142857143,0.6571428571428571
431316,99.0,152.0,92.1,1.9,6.0,0.75
431317,60.2,100.8,66.84,21.759999999999998,11.4,0.85
431318,60.2,100.8,66.84,21.759999999999998,11.4,0.85
431319,64.8,105.4,67.32000000000001,22.48,10.2,0.85
431320,30.333333333333332,81.0,86.5,9.166666666666666,4.333333333333333,2.766666666666667
431321,28.0,66.0,73.675,16.7,9.625,0.9375
431322,61.4,91.8,30.02,54.78000000000001,15.2,0.9
431323,61.4,91.8,30.02,54.78000000000001,15.2,0.9
431324,0.0,25.0,94.0,4.0,2.0,0.1
431325,11.5,56.0,87.0,5.25,7.75,1.25
431326,11.5,56.0,87.0,5.25,7.75,1.25
431327,11.5,56.0,87.0,5.25,7.75,1.25
431328,48.5,73.83333333333333,35.36666666666667,51.550000000000004,13.083333333333334,0.8416666666666667
431329,107.0,161.5,14.15,72.1,13.75,0.5
431330,48.0,86.0,37.05,46.95,16.0,1.9375
431331,17.0,49.333333333333336,32.1,55.9,12.0,3.4333333333333336
431332,17.0,49.333333333333336,32.1,55.9,12.0,3.4333333333333336
431333,44.0,74.4,71.5,20.7,7.8,0.61
431334,44.0,74.4,71.5,20.7,7.8,0.61
431335,44.0,74.4,71.5,20.7,7.8,0.61
431337,68.4,118.6,46.879999999999995,42.72,10.4,0.6599999999999999
431338,68.4,118.6,46.879999999999995,42.72,10.4,0.6599999999999999
431339,68.4,118.6,46.879999999999995,42.72,10.4,0.6599999999999999
431340,41.8,72.2,69.76,20.14,10.1,0.6599999999999999
431341,76.0,152.0,42.1,37.9,20.0,0.25
431342,34.25,58.5,54.4,36.225,9.375,0.7625
431343,59.666666666666664,90.16666666666667,26.51666666666667,56.98333333333334,16.5,0.9249999999999999
431344,59.666666666666664,90.16666666666667,26.51666666666667,56.98333333333334,16.5,0.9249999999999999
433292,53.166666666666664,86.33333333333333,23.8,31.741666666666664,44.458333333333336,0.6875
433296,49.8421052631579,76.52631578947368,84.17894736842106,8.136842105263158,7.684210526315789,0.8315789473684211
433299,49.8421052631579,76.52631578947368,84.17894736842106,8.136842105263158,7.684210526315789,0.8315789473684211
433300,50.31578947368421,79.42105263157895,64.27368421052631,16.09473684210526,19.63157894736842,0.7289473684210526
433301,50.31578947368421,79.42105263157895,64.27368421052631,16.094736842105263,19.63157894736842,0.7289473684210526
433304,39.22222222222222,78.66666666666667,45.511111111111106,25.65555555555555,28.833333333333332,1.0
433305,35.833333333333336,65.41666666666667,45.01666666666667,24.066666666666666,30.916666666666668,0.8541666666666666
433309,35.833333333333336,65.41666666666667,45.01666666666667,24.066666666666666,30.916666666666668,0.8541666666666666
433310,47.0,76.52941176470588,85.04117647058823,7.01764705882353,7.9411764705882355,0.7558823529411766
433314,52.611111111111114,83.33333333333333,63.32777777777778,16.422222222222224,20.25,0.825
433320,48.53846153846154,75.84615384615384,88.97692307692306,6.1,4.923076923076923,0.46153846153846156
433321,48.53846153846154,75.84615384615384,88.97692307692309,6.1,4.923076923076923,0.46153846153846156
433322,48.53846153846154,75.84615384615384,88.97692307692306,6.1,4.923076923076923,0.46153846153846156
433326,31.0,61.4,96.0,2.0,2.0,0.45
433327,31.0,61.4,96.0,2.0,2.0,0.45
433328,31.0,61.4,96.0,2.0,2.0,0.45
433329,31.0,61.4,96.0,2.0,2.0,0.45
433344,37.5,56.5,72.4375,18.75,8.8125,0.75
433346,42.9,76.35,65.97999999999999,23.944999999999997,10.075,0.6625
433350,50.0,73.28571428571429,63.528571428571425,20.757142857142856,15.714285714285714,0.5
433351,50.0,73.28571428571429,63.528571428571425,20.757142857142856,15.714285714285714,0.5
433367,23.8,54.2,76.72,16.88,6.4,0.95
433369,23.8,54.2,76.72,16.88,6.4,0.95
433371,23.8,54.2,76.72,16.88,6.4,0.95
433372,39.5,76.75,87.375,6.625,6.0,0.5125
433373,39.5,76.75,87.375,6.625,6.0,0.5125
433379,41.285714285714285,63.0,70.67142857142858,11.185714285714283,18.142857142857142,0.7142857142857143
433386,39.714285714285715,61.42857142857143,25.428571428571427,63.85714285714285,10.714285714285714,0.6785714285714286
433387,39.714285714285715,61.42857142857143,25.428571428571427,63.85714285714285,10.714285714285714,0.6785714285714286
433390,32.333333333333336,98.33333333333333,41.93333333333333,44.73333333333333,13.333333333333334,2.0
433411,27.2,67.8,24.52,39.48,36.0,1.1
433412,27.2,67.8,24.52,39.48,36.0,1.1
433413,27.2,67.8,24.52,39.48,36.0,1.1
433431,49.8,89.8,69.76,17.64,12.6,0.55
433433,71.0,152.0,50.0,40.0,10.0,0.25
433461,45.8,76.2,29.82,31.879999999999995,38.3,2.05
433484,47.166666666666664,72.5,67.48333333333333,22.516666666666666,10.0,0.5
433485,58.42857142857143,87.0,62.88571428571429,28.542857142857144,8.571428571428571,0.7142857142857143
433515,91.33333333333333,142.66666666666666,66.73333333333333,18.933333333333334,14.333333333333334,0.25
433547,47.6,75.0,93.6,1.4,5.0,1.3
433555,56.5,81.71428571428571,68.97142857142858,20.564285714285717,10.464285714285714,0.5714285714285714
433556,56.5,81.71428571428571,68.97142857142858,20.564285714285717,10.464285714285714,0.5714285714285714
433568,25.454545454545453,53.09090909090909,91.28181818181818,5.627272727272727,3.090909090909091,0.7727272727272727
433569,25.454545454545453,53.09090909090909,91.28181818181818,5.627272727272727,3.090909090909091,0.7727272727272727
433570,25.454545454545453,53.09090909090909,91.28181818181818,5.627272727272727,3.090909090909091,0.7727272727272727
433572,50.833333333333336,84.66666666666667,28.258333333333336,39.699999999999996,32.041666666666664,0.75
433573,59.166666666666664,89.66666666666667,42.35,30.983333333333334,26.666666666666668,0.7083333333333334
433582,32.2,62.6,94.47999999999999,3.12,2.4,0.9099999999999999
433596,46.857142857142854,68.57142857142857,66.57142857142857,19.428571428571427,14.0,0.7142857142857143
433597,21.4,51.8,74.82000000000001,18.38,6.8,1.2
433599,40.666666666666664,66.0,68.43333333333334,21.316666666666666,10.25,0.7083333333333334
433600,40.666666666666664,66.0,68.43333333333334,21.316666666666666,10.25,0.7083333333333334
433629,45.8,76.2,29.82,31.879999999999995,38.3,2.05
433651,20.833333333333332,46.166666666666664,87.35000000000001,8.65,4.0,1.0416666666666667
433652,20.833333333333332,46.166666666666664,87.35000000000001,8.65,4.0,1.0416666666666667
433653,20.833333333333332,46.166666666666664,87.35000000000001,8.65,4.0,1.0416666666666667
433663,47.36363636363637,79.63636363636364,22.963636363636365,40.53636363636363,36.5,1.2045454545454546
433676,18.0,37.0,88.35,9.15,2.5,0.75
433679,33.0,52.2,41.8,31.5,26.7,1.55
433686,20.8,37.6,69.85999999999999,21.839999999999996,8.3,0.8
433692,24.0,41.77777777777778,71.99999999999999,18.555555555555554,9.444444444444445,0.8611111111111112
433710,45.0,82.25,91.9,3.0999999999999996,5.0,0.8
433729,47.8,77.2,89.7,6.0,4.3,0.6
433730,47.8,77.2,89.7,6.0,4.3,0.6
433731,47.8,77.2,89.7,6.0,4.3,0.6
433744,46.166666666666664,71.5,59.48333333333334,27.100000000000005,13.416666666666666,0.875
433745,46.166666666666664,71.5,59.48333333333334,27.100000000000005,13.416666666666666,0.875
433756,30.333333333333332,64.16666666666667,90.38333333333333,5.283333333333332,4.333333333333333,0.8333333333333334
433757,30.333333333333332,64.16666666666667,90.38333333333333,5.283333333333332,4.333333333333333,0.8333333333333334
433758,30.333333333333332,64.16666666666667,90.38333333333333,5.283333333333332,4.333333333333333,0.8333333333333334
433772,18.2,48.0,73.8,14.4,11.8,1.8
434642,38.0,88.75,76.275,14.225,9.5,1.0
434700,68.375,93.5,69.375,20.0,10.625,0.46875
434701,68.375,93.5,69.375,20.0,10.625,0.46875
452746,36.53846153846154,65.23076923076923,14.276923076923076,31.300000000000008,54.42307692307692,1.3269230769230769
452748,46.8,87.4,14.88,29.419999999999998,55.7,1.45
452749,46.8,87.4,14.88,29.419999999999998,55.7,1.45
452754,36.833333333333336,70.66666666666667,15.700000000000003,26.88333333333333,57.416666666666664,1.5833333333333333
452765,30.77777777777778,49.888888888888886,56.41111111111112,23.92222222222222,19.666666666666668,1.2777777777777777
782457,36.026315789473685,67.60526315789474,63.60526315789474,30.236842105263158,6.157894736842105,0.881578947368421
782458,37.333333333333336,62.666666666666664,71.78333333333335,19.71666666666667,8.5,0.8333333333333334
782459,37.333333333333336,62.666666666666664,71.78333333333335,19.71666666666667,8.5,0.8333333333333334
782465,20.5,38.25,58.275,33.475,8.25,1.0625
782466,20.5,38.25,58.275,33.475,8.25,1.0625
782467,32.2,62.6,87.2,8.8,4.0,0.9099999999999999
782470,57.6,92.1,76.74,15.76,7.5,3.275
782475,32.2,62.6,94.47999999999999,3.12,2.4,0.9099999999999999
782477,37.1,64.5,54.42999999999999,36.56999999999999,9.0,0.975
782479,45.375,88.125,70.8375,20.037499999999998,9.125,4.53125
782481,61.0,97.18181818181819,24.299999999999997,22.972727272727273,52.72727272727273,1.1590909090909092
782482,59.166666666666664,93.0,28.983333333333334,33.93333333333334,37.083333333333336,1.25
782483,43.10526315789474,69.78947368421052,75.98421052631578,15.884210526315787,8.131578947368421,0.7105263157894737
782484,43.10526315789474,69.78947368421052,75.98421052631579,15.884210526315792,8.131578947368421,0.7105263157894737
782488,31.181818181818183,58.81818181818182,74.02727272727273,18.42727272727273,7.545454545454546,0.8863636363636364
782489,45.76923076923077,73.07692307692308,77.92307692307692,14.115384615384615,7.961538461538462,0.6538461538461539
782490,45.76923076923077,73.07692307692308,77.92307692307692,14.115384615384615,7.961538461538462,0.6538461538461539
782492,36.5,61.833333333333336,71.06666666666668,19.933333333333334,9.0,0.9166666666666666
782494,51.166666666666664,76.5,42.45,45.13333333333333,12.416666666666666,1.4166666666666667
782495,55.473684210526315,87.52631578947368,44.56842105263158,42.142105263157895,8.078947368421053,4.092105263157895
782496,59.75,85.125,41.7875,50.4625,7.75,0.59375
782497,48.166666666666664,82.0,51.86666666666667,38.633333333333326,9.5,0.9166666666666666
782498,48.166666666666664,82.0,51.86666666666667,38.633333333333326,9.5,0.9166666666666666
782505,25.058823529411764,54.88235294117647,85.29411764705883,9.882352941176471,4.823529411764706,0.9411764705882353
782506,25.058823529411764,54.88235294117647,85.29411764705883,9.88235294117647,4.823529411764706,0.9411764705882353
782509,60.421052631578945,92.21052631578948,45.73157894736842,41.61052631578948,7.447368421052632,3.9473684210526314
1015311,60.421052631578945,92.21052631578948,45.73157894736842,41.61052631578947,7.447368421052632,3.9473684210526314
1144328,40.666666666666664,71.75,13.81666666666667,32.89166666666667,53.291666666666664,1.25
1144329,38.90909090909091,75.81818181818181,20.554545454545455,43.99090909090909,35.45454545454545,0.7727272727272727
1146422,54.391304347826086,80.8695652173913,66.43809523809524,29.54285714285714,4.019047619047619,7.441304347826088
1147400,53.55555555555556,106.0,90.80000000000001,3.8666666666666654,5.333333333333333,1.6111111111111112
1147401,39.15,67.05,87.15500000000002,7.6450000000000005,5.2,0.75
1147402,39.15,67.05,87.155,7.6450000000000005,5.2,0.75
1147403,39.15,67.05,87.155,7.644999999999999,5.2,0.75
1147408,74.0,112.0,91.54285714285716,3.457142857142856,5.0,1.6071428571428572
1147409,31.8,67.3,86.09,9.41,4.5,0.7849999999999999
1147411,44.92307692307692,73.84615384615384,82.57692307692308,5.423076923076923,4.3076923076923075,6.576923076923077
1147412,44.92307692307692,73.84615384615384,82.57692307692308,5.423076923076923,4.3076923076923075,6.576923076923077
1147432,47.166666666666664,72.5,63.666666666666664,26.083333333333332,10.25,0.625
1147433,57.4,98.0,40.260000000000005,32.839999999999996,6.9,13.5
1147434,38.142857142857146,59.857142857142854,52.785714285714285,38.5,8.714285714285714,0.7857142857142857
1147435,63.833333333333336,96.83333333333333,55.550000000000004,36.949999999999996,7.5,0.4583333333333333
1147436,53.3125,83.75,82.88749999999999,9.737499999999999,7.375,0.578125
1147437,53.3125,83.75,82.8875,9.737499999999999,7.375,0.578125
1147438,46.8125,74.0625,64.55000000000001,19.856250000000003,9.34375,5.078125
1147440,57.13333333333333,80.8,85.44666666666667,8.286666666666665,6.266666666666667,0.5666666666666667
1147442,56.125,93.5,60.74999999999999,24.625000000000004,8.375,4.640625
1147444,56.125,93.5,60.74999999999999,24.625,8.375,4.640625
1147446,52.666666666666664,81.73333333333333,74.67999999999999,15.886666666666667,9.433333333333334,0.6
1147453,47.827586206896555,80.86206896551724,65.99199999999999,26.56,7.4479999999999995,11.306896551724137
1147454,51.588235294117645,81.44117647058823,65.62758620689655,29.048275862068966,5.324137931034483,11.945588235294117
1147455,51.588235294117645,81.44117647058823,65.62758620689655,29.048275862068973,5.324137931034483,11.945588235294117
1147457,46.857142857142854,85.57142857142857,52.642857142857146,3.0714285714285716,1.4285714285714286,38.621428571428574
1147458,52.166666666666664,95.5,92.61666666666667,4.05,3.3333333333333335,0.975
1380088,47.8,77.2,91.6,4.0,4.4,0.6
1380109,25.058823529411764,54.88235294117647,85.29411764705883,9.882352941176471,4.823529411764706,0.9411764705882353
1380245,51.588235294117645,81.44117647058823,65.62758620689655,29.04827586206897,5.324137931034483,11.945588235294117
1383539,30.333333333333332,64.16666666666667,90.38333333333333,5.283333333333332,4.333333333333333,0.8333333333333334
1383542,34.857142857142854,75.71428571428571,76.92857142857143,17.714285714285715,5.357142857142857,2.692857142857143
1383545,46.333333333333336,93.66666666666667,59.166666666666664,20.166666666666668,20.666666666666668,0.4166666666666667
1383557,30.0,59.4,86.22,10.18,3.6,0.6900000000000001
1383561,38.75,64.125,64.375,16.875,6.25,9.5625
1383580,96.5,152.0,68.05,21.95,10.0,0.5
1383585,52.3,78.95,48.83,42.12,9.05,0.675
1383586,39.5,76.75,79.125,13.0,7.875,0.5125
1383587,39.5,76.75,79.125,13.0,7.875,0.5125
1383588,39.5,76.75,79.125,13.0,7.875,0.5125
1383589,44.63636363636363,79.72727272727273,34.24545454545455,34.845454545454544,30.90909090909091,0.8863636363636364
1383603,59.166666666666664,89.66666666666667,42.35,30.983333333333334,26.666666666666668,0.7083333333333334
1383639,55.833333333333336,89.66666666666667,63.216666666666676,20.2,16.583333333333332,0.5416666666666666
1383641,24.5,74.0,77.825,16.175,6.0,0.5125
1383642,62.833333333333336,96.66666666666667,28.291666666666668,29.625000000000004,42.083333333333336,1.4166666666666667
1383654,43.10526315789474,69.78947368421052,75.98421052631578,15.884210526315787,8.131578947368421,0.7105263157894737
1383658,26.0,46.0,91.21428571428574,4.071428571428571,4.714285714285714,1.1214285714285714
1383660,26.0,46.0,91.21428571428571,4.071428571428571,4.714285714285714,1.1214285714285714
1383662,28.0,47.0,74.67500000000001,15.325000000000001,10.0,0.9375
1383663,43.611111111111114,74.44444444444444,71.82222222222222,19.511111111111106,8.61111111111111,0.7361111111111112
1383664,49.8,89.8,69.76,17.64,12.6,0.55
1383665,44.4,76.53333333333333,76.01333333333334,9.720000000000002,14.266666666666667,0.85
1383778,51.333333333333336,84.66666666666667,71.18333333333334,19.900000000000002,8.916666666666666,0.5833333333333334
1383779,51.333333333333336,84.66666666666667,71.18333333333334,19.900000000000002,8.916666666666666,0.5833333333333334
1383780,51.333333333333336,84.66666666666667,71.18333333333334,19.900000000000002,8.916666666666666,0.5833333333333334
1383781,48.53846153846154,75.84615384615384,88.97692307692309,6.1,4.923076923076923,0.46153846153846156
1383783,63.833333333333336,96.83333333333333,55.550000000000004,36.949999999999996,7.5,0.4583333333333333
1383784,63.833333333333336,96.83333333333333,55.550000000000004,36.949999999999996,7.5,0.4583333333333333
1383879,52.666666666666664,81.73333333333333,74.67999999999999,15.886666666666665,9.433333333333334,0.6
1383907,52.416666666666664,75.08333333333333,65.675,24.49166666666667,9.833333333333334,0.6666666666666666
1383908,52.416666666666664,75.08333333333333,65.675,24.491666666666664,9.833333333333334,0.6666666666666666
1383943,40.53846153846154,65.53846153846153,81.17692307692307,6.976923076923076,4.153846153846154,6.673076923076923
1383944,40.53846153846154,65.53846153846153,81.17692307692307,6.976923076923076,4.153846153846154,6.673076923076923
1383945,40.53846153846154,65.53846153846153,81.17692307692309,6.976923076923078,4.153846153846154,6.673076923076923
1383946,29.636363636363637,57.27272727272727,72.77272727272727,19.227272727272727,8.0,1.0454545454545454
1383947,52.6,79.0,64.16666666666667,21.866666666666664,13.966666666666667,0.55
1383948,52.6,79.0,64.16666666666667,21.866666666666664,13.966666666666667,0.55
1383949,57.6,92.1,76.74000000000001,15.760000000000002,7.5,3.275
1383950,39.30769230769231,77.53846153846153,51.20769230769231,33.52307692307692,7.576923076923077,5.0
1383951,31.0,61.4,96.0,2.0,2.0,0.45
1383952,38.2,68.3,74.72,17.029999999999998,8.25,0.705
1383953,38.2,68.3,74.72,17.029999999999998,8.25,0.705
1383954,38.2,68.3,74.72,17.03,8.25,0.705
1383955,86.0,152.0,63.15,29.099999999999998,7.75,0.5
1383960,64.28571428571429,92.14285714285714,78.47142857142856,12.885714285714286,8.642857142857142,1.0
1383993,45.76923076923077,73.07692307692308,77.92307692307692,14.115384615384613,7.961538461538462,0.6538461538461539
1383995,40.666666666666664,66.0,68.43333333333334,21.316666666666666,10.25,0.7083333333333334
1383996,40.666666666666664,66.0,68.43333333333334,21.316666666666666,10.25,0.7083333333333334
1384446,68.375,93.5,69.375,20.0,10.625,0.46875
1390187,24.75,75.5,36.3,50.575,13.125,0.8125
1444363,30.333333333333332,64.16666666666667,90.38333333333333,5.283333333333332,4.333333333333333,0.8333333333333334
1444364,30.333333333333332,64.16666666666667,90.38333333333333,5.283333333333332,4.333333333333333,0.8333333333333334
1444373,36.026315789473685,67.60526315789474,63.60526315789474,30.236842105263158,6.157894736842105,0.881578947368421
1444374,37.333333333333336,62.666666666666664,71.78333333333335,19.71666666666667,8.5,0.8333333333333334
1444375,37.333333333333336,62.666666666666664,71.78333333333335,19.71666666666667,8.5,0.8333333333333334
1444376,37.5,56.5,72.4375,18.75,8.8125,0.75
1444377,42.9,76.35,65.97999999999999,23.944999999999997,10.075,0.6625
1444378,50.0,73.28571428571429,63.528571428571425,20.757142857142856,15.714285714285714,0.5
1444379,50.0,73.28571428571429,63.528571428571425,20.757142857142856,15.714285714285714,0.5
1444383,23.8,54.2,76.72,16.88,6.4,0.95
1444384,23.8,54.2,76.72,16.88,6.4,0.95
1444385,23.8,54.2,76.72,16.88,6.4,0.95
1444386,39.5,76.75,87.375,6.625,6.0,0.5125
1444387,39.5,76.75,87.375,6.625,6.0,0.5125
1444388,41.285714285714285,63.0,70.67142857142858,11.185714285714283,18.142857142857142,0.7142857142857143
1444389,39.714285714285715,61.42857142857143,25.428571428571427,63.85714285714285,10.714285714285714,0.6785714285714286
1444390,39.714285714285715,61.42857142857143,25.428571428571427,63.85714285714285,10.714285714285714,0.6785714285714286
1444395,27.2,67.8,24.52,39.48,36.0,1.1
1444396,27.2,67.8,24.52,39.48,36.0,1.1
1444397,27.2,67.8,24.52,39.48,36.0,1.1
1444401,49.8,89.8,69.76,17.64,12.6,0.55
1444402,71.0,152.0,50.0,40.0,10.0,0.25
1444409,47.166666666666664,72.5,67.48333333333333,22.516666666666666,10.0,0.5
1444410,58.42857142857143,87.0,62.88571428571429,28.542857142857144,8.571428571428571,0.7142857142857143
1444411,38.75,64.125,64.375,16.875,6.25,9.5625
1444413,38.0,88.75,76.275,14.225,9.5,1.0
1444414,91.33333333333333,142.66666666666666,66.73333333333333,18.933333333333334,14.333333333333334,0.25
1444420,47.6,75.0,93.6,1.4,5.0,1.3
1444421,57.6,92.1,76.74000000000001,15.760000000000002,7.5,3.275
1444425,53.166666666666664,86.33333333333333,23.8,31.741666666666664,44.458333333333336,0.6875
1444426,50.833333333333336,84.66666666666667,28.258333333333336,39.699999999999996,32.041666666666664,0.75
1444427,59.166666666666664,89.66666666666667,42.35,30.983333333333334,26.666666666666668,0.7083333333333334
1444428,59.166666666666664,89.66666666666667,42.35,30.983333333333334,26.666666666666668,0.7083333333333334
1444431,32.2,62.6,94.47999999999999,3.12,2.4,0.9099999999999999
1444432,68.375,93.5,69.375,20.0,10.625,0.46875
1444435,46.857142857142854,68.57142857142857,66.57142857142857,19.428571428571427,14.0,0.7142857142857143
1444436,21.4,51.8,74.82000000000001,18.38,6.8,1.2
1444437,40.666666666666664,66.0,68.43333333333334,21.316666666666666,10.25,0.7083333333333334
1444438,40.666666666666664,66.0,68.43333333333334,21.316666666666666,10.25,0.7083333333333334
1444440,64.28571428571429,92.14285714285714,78.47142857142856,12.885714285714286,8.642857142857142,1.0
1444441,45.8,76.2,29.82,31.879999999999995,38.3,2.05
1444442,45.375,88.125,70.8375,20.037499999999998,9.125,4.53125
1444443,24.5,74.0,77.825,16.175,6.0,0.5125
1444449,47.36363636363637,79.63636363636364,22.963636363636365,40.53636363636363,36.5,1.2045454545454546
1444453,31.8,67.3,86.09,9.41,4.5,0.7849999999999999
1444454,44.92307692307692,73.84615384615384,82.57692307692308,5.423076923076923,4.3076923076923075,6.576923076923077
1444455,44.92307692307692,73.84615384615384,82.57692307692308,5.423076923076923,4.3076923076923075,6.576923076923077
1444456,44.92307692307692,73.84615384615384,82.57692307692308,5.423076923076923,4.3076923076923075,6.576923076923077
1444457,18.0,37.0,88.35,9.15,2.5,0.75
1444459,20.8,37.6,69.85999999999999,21.839999999999996,8.3,0.8
1444460,30.77777777777778,49.888888888888886,56.411111111111104,23.922222222222224,19.666666666666668,1.2777777777777777
1444461,24.0,41.77777777777778,72.0,18.555555555555557,9.444444444444445,0.8611111111111112
1444463,45.0,82.25,91.9,3.0999999999999996,5.0,0.8
1444464,52.0,81.0,66.02857142857144,28.728571428571428,5.314285714285714,0.8428571428571427
1444465,52.0,81.0,66.02857142857144,28.728571428571428,5.314285714285714,0.8428571428571427
1444467,45.76923076923077,73.07692307692308,77.92307692307692,14.115384615384613,7.961538461538462,0.6538461538461539
1444468,45.76923076923077,73.07692307692308,77.92307692307692,14.115384615384615,7.961538461538462,0.6538461538461539
1444469,45.76923076923077,73.07692307692308,77.92307692307692,14.115384615384615,7.961538461538462,0.6538461538461539
1444470,47.8,77.2,89.7,6.0,4.3,0.6
1444471,47.8,77.2,89.7,6.0,4.3,0.6
1444473,47.8,77.2,89.7,6.0,4.3,0.6
1444474,47.166666666666664,72.5,63.666666666666664,26.083333333333332,10.25,0.625
1444476,36.5,61.833333333333336,71.06666666666668,19.933333333333334,9.0,0.9166666666666666
1444477,49.8421052631579,76.52631578947368,84.17894736842106,8.136842105263158,7.684210526315789,0.8315789473684211
1444478,49.8421052631579,76.52631578947368,84.17894736842103,8.13684210526316,7.684210526315789,0.8315789473684211
1444479,46.166666666666664,71.5,59.48333333333334,27.100000000000005,13.416666666666666,0.875
1444480,46.166666666666664,71.5,59.48333333333334,27.100000000000005,13.416666666666666,0.875
1444481,50.31578947368421,79.42105263157895,64.27368421052631,16.094736842105263,19.63157894736842,0.7289473684210526
1444482,50.31578947368421,79.42105263157895,64.27368421052631,16.094736842105263,19.63157894736842,0.7289473684210526
1444485,51.142857142857146,80.14285714285714,65.42857142857143,28.857142857142858,5.6000000000000005,1.0
1444486,39.22222222222222,78.66666666666667,45.51111111111111,25.655555555555555,28.833333333333332,1.0
1444487,35.833333333333336,65.41666666666667,45.01666666666666,24.066666666666666,30.916666666666668,0.8541666666666666
1444488,35.833333333333336,65.41666666666667,45.01666666666667,24.066666666666666,30.916666666666668,0.8541666666666666
1444489,47.0,76.52941176470588,85.04117647058823,7.01764705882353,7.9411764705882355,0.7558823529411766
1444490,52.416666666666664,75.08333333333333,65.675,24.49166666666667,9.833333333333334,0.6666666666666666
1444491,52.416666666666664,75.08333333333333,65.675,24.49166666666667,9.833333333333334,0.6666666666666666
1444492,52.611111111111114,83.33333333333333,63.32777777777778,16.422222222222224,20.25,0.825
1444493,18.2,48.0,73.8,14.4,11.8,1.8
1444495,38.142857142857146,59.857142857142854,52.785714285714285,38.5,8.714285714285714,0.7857142857142857
1444506,48.53846153846154,75.84615384615384,88.97692307692309,6.1,4.923076923076923,0.46153846153846156
1444507,48.53846153846154,75.84615384615384,88.97692307692309,6.1,4.923076923076923,0.46153846153846156
1444513,40.666666666666664,66.0,68.43333333333334,21.316666666666666,10.25,0.7083333333333334
1444514,40.666666666666664,66.0,68.43333333333334,21.316666666666666,10.25,0.7083333333333334
1444517,25.058823529411764,54.88235294117647,85.29411764705881,9.882352941176471,4.823529411764706,0.9411764705882353
1444518,25.058823529411764,54.88235294117647,85.29411764705883,9.88235294117647,4.823529411764706,0.9411764705882353
1444519,25.058823529411764,54.88235294117647,85.29411764705881,9.882352941176471,4.823529411764706,0.9411764705882353
1444521,38.90909090909091,75.81818181818181,20.554545454545455,43.99090909090909,35.45454545454545,0.7727272727272727
1444523,56.5,81.71428571428571,68.97142857142858,20.564285714285717,10.464285714285714,0.5714285714285714
1444524,56.5,81.71428571428571,68.97142857142858,20.564285714285717,10.464285714285714,0.5714285714285714
1444535,30.0,59.4,86.22,10.18,3.6,0.6900000000000001
1444551,40.53846153846154,65.53846153846153,81.17692307692309,6.976923076923078,4.153846153846154,6.673076923076923
1444552,40.53846153846154,65.53846153846153,81.17692307692307,6.976923076923076,4.153846153846154,6.673076923076923
1444553,40.53846153846154,65.53846153846153,81.17692307692309,6.976923076923078,4.153846153846154,6.673076923076923
1444554,29.636363636363637,57.27272727272727,72.77272727272727,19.227272727272727,8.0,1.0454545454545454
1444557,57.6,92.1,76.74,15.76,7.5,3.275
1444558,39.30769230769231,77.53846153846153,51.20769230769231,33.52307692307692,7.576923076923077,5.0
1444560,38.2,68.3,74.72,17.029999999999998,8.25,0.705
1444561,38.2,68.3,74.72,17.029999999999998,8.25,0.705
1444562,38.2,68.3,74.72,17.029999999999998,8.25,0.705
1444563,86.0,152.0,63.15,29.099999999999998,7.75,0.5
1444566,34.857142857142854,75.71428571428571,76.92857142857143,17.714285714285715,5.357142857142857,2.692857142857143
1444567,38.5,72.33333333333333,27.099999999999998,49.73333333333333,24.833333333333332,0.75
1444568,38.5,72.33333333333333,27.099999999999998,49.73333333333333,24.833333333333332,0.75
1444569,38.5,72.33333333333333,26.099999999999998,48.73333333333333,26.833333333333332,0.75
1444573,50.38461538461539,81.61538461538461,19.62307692307693,54.376923076923084,25.923076923076923,0.8461538461538461
1444580,38.666666666666664,72.5,40.0,54.0,6.0,1.1083333333333332
1444583,38.666666666666664,72.5,40.0,54.0,6.0,1.1083333333333332
1444584,52.57142857142857,81.57142857142857,14.185714285714283,55.81428571428571,29.142857142857142,0.9285714285714286
1444585,28.0,78.66666666666667,94.53333333333335,1.6333333333333335,3.8333333333333335,0.75
1444586,49.0,99.0,96.0,1.5,2.5,0.5
1444587,26.0,64.0,93.6,1.4,5.0,1.1375
1444592,42.285714285714285,71.28571428571429,37.857142857142854,56.214285714285715,5.928571428571429,1.0214285714285714
1444598,39.0,64.33333333333333,50.333333333333336,42.833333333333336,6.833333333333333,0.9166666666666666
1444677,43.166666666666664,77.0,25.11666666666667,50.300000000000004,24.583333333333332,0.75
1529830,28.0,78.66666666666667,94.53333333333335,1.6333333333333335,3.8333333333333335,0.75
1542698,46.18181818181818,96.36363636363636,22.59090909090909,69.45454545454545,7.954545454545454,49.05681818181818
1542699,91.0,152.0,32.7,56.8,10.5,0.75
1542701,37.2,77.8,33.96,57.14,8.9,1.65
1542702,36.833333333333336,58.0,74.78333333333335,18.549999999999997,6.666666666666667,0.9583333333333334
1542704,52.0,77.0,69.07142857142857,23.928571428571427,7.0,0.5714285714285714
1542705,38.42857142857143,60.142857142857146,44.028571428571425,47.82857142857143,8.142857142857142,0.8214285714285714
1542707,40.285714285714285,69.28571428571429,49.92857142857143,39.714285714285715,10.357142857142858,0.6071428571428571
1542709,40.285714285714285,69.28571428571429,49.92857142857143,39.714285714285715,10.357142857142858,0.6071428571428571
1542710,40.285714285714285,69.28571428571429,49.92857142857143,39.714285714285715,10.357142857142858,0.6071428571428571
1542713,45.375,88.125,70.83749999999999,20.037499999999998,9.125,4.53125
1542714,38.38461538461539,65.6923076923077,46.88461538461539,45.65384615384615,7.461538461538462,0.9346153846153846
1542715,39.53846153846154,70.76923076923077,45.34615384615385,46.30769230769231,8.346153846153847,0.8384615384615385
1542716,39.53846153846154,70.76923076923077,45.34615384615385,46.30769230769231,8.346153846153847,0.8384615384615385
1589706,60.6,99.6,68.72,22.080000000000002,9.2,0.65
1601897,24.5,74.0,77.825,16.175,6.0,0.5125
1601898,31.181818181818183,58.81818181818182,74.02727272727273,18.42727272727273,7.545454545454546,0.8863636363636364
1601899,31.181818181818183,58.81818181818182,74.02727272727273,18.42727272727273,7.545454545454546,0.8863636363636364
1601900,54.42857142857143,76.14285714285714,81.62857142857142,13.87142857142857,4.5,0.39285714285714285
1607345,47.8,75.7,61.11,33.00500000000001,5.870000000000001,0.9200000000000002
1611073,10.5,35.5,77.5,15.5,7.0,1.125
1611074,40.25,69.83333333333333,70.48333333333333,23.791666666666668,5.766666666666666,0.8874999999999998
1611075,40.25,69.83333333333333,70.48333333333333,23.791666666666668,5.766666666666666,0.8874999999999998
1611076,40.25,69.83333333333333,70.48333333333333,23.791666666666668,5.766666666666666,0.8874999999999998
1611077,39.15,67.05,87.155,7.6450000000000005,5.2,0.75
1611078,39.15,67.05,87.155,7.6450000000000005,5.2,0.75
1611079,39.15,67.05,87.155,7.6450000000000005,5.2,0.75
1700371,24.75,75.5,36.3,50.575,13.125,0.8125
1700372,96.5,152.0,68.05,21.95,10.0,0.5
1700374,44.4,76.53333333333333,76.01333333333334,9.720000000000002,14.266666666666667,0.85
1702604,44.63636363636363,79.72727272727273,34.24545454545454,34.845454545454544,30.90909090909091,0.8863636363636364
1702605,55.833333333333336,89.66666666666667,63.216666666666676,20.2,16.583333333333332,0.5416666666666666
1702606,26.0,46.0,91.21428571428571,4.071428571428571,4.714285714285714,1.1214285714285714
1702607,26.0,46.0,91.21428571428571,4.071428571428571,4.714285714285714,1.1214285714285714
1702608,28.0,47.0,74.67500000000001,15.325000000000001,10.0,0.9375
1702818,52.0,81.0,66.02857142857144,28.728571428571428,5.314285714285714,0.8428571428571427
1702820,38.666666666666664,72.5,40.0,54.0,6.0,1.1083333333333332
1702823,47.8,75.7,61.11,33.005,5.869999999999999,0.9199999999999999
1702827,51.25,92.5,84.175,14.0125,1.8125,10.71875
1702828,36.5,93.42857142857143,44.199999999999996,50.01428571428572,5.785714285714286,27.525000000000002
1702829,45.74074074074074,75.44444444444444,66.55925925925925,30.12592592592593,3.314814814814815,3.8499999999999996
1702850,43.333333333333336,85.05555555555556,62.26428571428572,28.985714285714288,8.75,17.47222222222222
1702851,47.827586206896555,80.86206896551724,65.992,26.560000000000006,7.4479999999999995,11.306896551724137
1702852,51.588235294117645,81.44117647058823,65.62758620689657,29.048275862068966,5.324137931034482,11.945588235294117
1702853,51.588235294117645,81.44117647058823,65.62758620689655,29.04827586206897,5.324137931034483,11.945588235294117
1702854,51.588235294117645,81.44117647058823,65.62758620689655,29.04827586206897,5.324137931034483,11.945588235294117
1702855,54.391304347826086,80.8695652173913,66.43809523809524,29.54285714285714,4.019047619047619,7.441304347826088
1702856,53.291666666666664,74.83333333333333,58.27916666666667,36.408333333333324,5.3125,5.171666666666667
1702857,51.75,71.83333333333333,49.48333333333333,44.56666666666667,5.95,6.14375
1702858,51.75,71.83333333333333,49.48333333333334,44.56666666666666,5.949999999999999,6.143750000000001
1702860,50.925925925925924,80.62962962962963,61.64583333333332,31.47916666666667,6.875,9.37962962962963
1702862,47.56521739130435,67.30434782608695,57.73499999999999,35.864999999999995,6.4,11.728260869565217
1702869,45.5,64.33333333333333,53.023333333333326,40.626666666666665,6.35,7.0873333333333335
1702870,42.473684210526315,59.421052631578945,51.0157894736842,43.37105263157895,5.613157894736842,4.8636842105263165
1702871,45.84615384615385,64.64102564102564,49.83589743589744,43.60512820512821,6.55897435897436,6.407692307692308
1702872,26.833333333333332,77.58333333333333,58.68333333333334,34.86666666666667,6.449999999999999,38.0625
1702873,54.166666666666664,107.5,44.166666666666664,48.333333333333336,7.5,26.041666666666668
1702874,51.23076923076923,78.38461538461539,72.2,18.8,9.0,0.6538461538461539
1702876,51.23076923076923,78.38461538461539,72.2,18.8,9.0,0.6538461538461539
1702878,51.23076923076923,78.38461538461539,72.2,18.8,9.0,0.6538461538461539
1702880,46.65,79.9,67.1,28.957894736842107,3.9421052631578943,4.5345
1702883,39.625,71.375,74.99999999999999,18.309523809523803,6.690476190476191,10.464583333333332
1702884,45.36666666666667,79.03333333333333,62.8576923076923,32.24999999999999,4.892307692307692,10.748000000000001
1703613,25.454545454545453,53.09090909090909,91.28181818181818,5.627272727272727,3.090909090909091,0.7727272727272727
1703709,43.10526315789474,69.78947368421052,75.9842105263158,15.884210526315792,8.131578947368421,0.7105263157894737
1703711,39.5,72.91666666666667,61.31,31.095000000000006,7.594999999999999,13.520833333333334
1711685,57.13333333333333,80.8,85.44666666666667,8.286666666666665,6.266666666666667,0.5666666666666667
1711686,52.0,81.0,66.02857142857144,28.728571428571428,5.314285714285714,0.8428571428571427
1711687,52.0,81.0,66.02857142857144,28.728571428571428,5.314285714285714,0.8428571428571427
1711688,52.0,81.0,66.02857142857144,28.728571428571428,5.314285714285714,0.8428571428571427
1711689,51.142857142857146,80.14285714285714,65.42857142857143,28.857142857142858,5.6000000000000005,1.0
1711697,49.23809523809524,87.76190476190476,31.55714285714286,47.89523809523809,20.54761904761905,9.955714285714285
2512321,102.0,152.0,20.75,61.75,17.5,4.375
2561670,33.76190476190476,68.42857142857143,51.13333333333334,32.72380952380952,16.142857142857142,1.4047619047619047
2561671,45.04347826086956,78.56521739130434,67.9608695652174,21.104347826086954,10.934782608695652,1.423913043478261
2561672,19.2,59.9,70.09,21.660000000000004,8.25,1.875
2561673,113.6,163.8,26.1,59.6,14.3,0.25
2561674,64.1,104.6,41.120000000000005,46.42999999999999,12.45,1.45
2561677,122.0,177.5,96.0,1.5,2.5,0.25
2561678,87.5,145.75,79.2,13.05,7.75,0.25
2561682,35.3,69.8,88.98,6.220000000000001,4.8,0.625
2561683,29.0,70.0,96.26666666666667,1.4833333333333334,2.25,0.875
2561684,20.5,53.9,82.81,11.89,5.3,0.575
2561685,34.666666666666664,66.0,94.3,1.5333333333333332,4.166666666666667,0.5833333333333334
2561686,27.0,80.6,12.86,70.64,16.5,1.1
2561687,28.75,66.75,80.30000000000001,12.825000000000001,6.875,0.9375
2561688,28.75,66.75,80.30000000000001,12.825000000000001,6.875,0.9375
2561689,27.0,80.6,12.86,70.64,16.5,1.1
2561691,47.93333333333333,96.53333333333333,77.82,14.01333333333333,8.166666666666666,0.7033333333333334
2561692,50.8,82.06666666666666,59.18,28.720000000000002,12.1,1.5333333333333334
2561693,55.53846153846154,94.76923076923077,66.09230769230768,22.215384615384615,11.692307692307692,0.8884615384615385
2561694,52.85,86.05,78.995,13.73,7.275,0.6625
2561695,48.46153846153846,83.53846153846153,80.9923076923077,12.738461538461538,6.269230769230769,0.7115384615384616
2561696,44.5,82.70833333333333,87.70416666666665,7.566666666666667,4.729166666666667,0.8541666666666666
2561697,37.05882352941177,78.3529411764706,91.4,4.629411764705883,3.9705882352941178,0.8970588235294118
2561698,33.30769230769231,75.61538461538461,93.11538461538461,3.730769230769231,3.1538461538461537,0.6923076923076923
2561699,24.444444444444443,68.66666666666667,93.8777777777778,2.4555555555555557,3.6666666666666665,0.8333333333333334
2561700,41.54545454545455,83.45454545454545,86.02727272727273,8.927272727272728,5.045454545454546,0.6590909090909091
2561701,41.54545454545455,83.45454545454545,86.02727272727272,8.927272727272728,5.045454545454546,0.6590909090909091
2561711,54.666666666666664,85.72222222222223,20.888888888888893,49.02777777777777,30.083333333333332,0.5972222222222222
2561712,58.92307692307692,91.92307692307692,22.007692307692306,46.646153846153844,31.346153846153847,0.4807692307692308
2561713,58.92307692307692,91.92307692307692,22.00769230769231,46.646153846153844,31.346153846153847,0.4807692307692308
2561714,54.92857142857143,79.78571428571429,24.985714285714288,45.08571428571428,29.928571428571427,0.44642857142857145
2561716,41.68181818181818,68.77272727272727,42.2590909090909,36.12727272727273,21.613636363636363,0.9090909090909091
2561717,32.666666666666664,55.22222222222222,22.15555555555555,49.23333333333332,28.61111111111111,0.5555555555555556
2561718,42.705882352941174,69.41176470588235,25.676470588235293,45.3235294117647,29.0,0.5147058823529411
2561721,102.0,152.0,20.75,61.75,17.5,4.375
2561722,66.25,117.75,56.75,33.125,10.125,2.25
2561727,59.5,82.75,46.80833333333333,32.48333333333333,20.708333333333332,0.5416666666666666
2561728,59.5,82.75,46.80833333333334,32.483333333333334,20.708333333333332,0.5416666666666666
2561729,59.5,82.75,46.80833333333334,32.483333333333334,20.708333333333332,0.5416666666666666
2561730,36.666666666666664,58.333333333333336,44.44444444444444,37.5,18.055555555555557,0.9722222222222222
2561731,71.75,117.5,74.7,18.925,6.375,0.625
2561732,71.75,117.5,74.7,18.925,6.375,0.625
2561733,52.470588235294116,94.88235294117646,81.70588235294116,11.617647058823527,6.676470588235294,1.1176470588235294
2561734,51.92307692307692,94.84615384615384,82.58461538461539,10.915384615384616,6.5,1.2115384615384615
2561735,46.166666666666664,91.0,80.88333333333334,12.783333333333333,6.333333333333333,0.875
2561736,45.0,100.0,87.89999999999999,8.1,4.0,0.5833333333333334
2561739,46.470588235294116,88.94117647058823,78.62941176470588,13.429411764705883,7.9411764705882355,1.338235294117647
2561743,45.2,84.8,58.85,27.4,13.75,1.125
2561744,45.2,84.8,58.85,27.4,13.75,1.125
2561745,45.2,84.8,60.98,25.369999999999997,13.65,1.025
2561747,45.18181818181818,81.63636363636364,57.645454545454555,28.85454545454546,13.5,1.3772727272727272
2561748,45.2,84.8,60.980000000000004,25.369999999999997,13.65,1.025
2561750,45.2,84.8,60.98,25.369999999999997,13.65,1.025
2561752,39.333333333333336,66.86666666666666,76.14,16.293333333333333,7.566666666666666,0.6833333333333333
2561753,35.785714285714285,65.64285714285714,79.98571428571427,13.549999999999999,6.464285714285714,0.6071428571428571
2561754,35.63636363636363,59.36363636363637,75.65454545454546,16.845454545454547,7.5,0.6136363636363636
2561755,28.77777777777778,53.0,76.95555555555555,15.822222222222223,7.222222222222222,0.6944444444444444
2561756,32.875,69.625,77.51875,14.918750000000001,7.5625,1.421875
2561757,48.44444444444444,86.48148148148148,75.00740740740741,16.640740740740743,8.351851851851851,1.3055555555555556
2561758,45.27777777777778,82.61111111111111,78.7,13.383333333333335,7.916666666666667,1.3888888888888888
2561759,52.666666666666664,103.33333333333333,16.333333333333332,62.0,21.666666666666668,2.533333333333333
2561760,124.5,152.0,96.0,1.5,2.5,0.25
2561768,36.2,91.2,19.52,60.48,20.0,3.12
2561770,68.5,113.66666666666667,56.300000000000004,34.11666666666667,9.583333333333334,2.9583333333333335
2561771,74.25,130.0,38.0,47.5,14.5,1.0
2561772,74.25,130.0,38.0,47.50000000000001,14.5,1.0
2561773,74.25,130.0,38.0,47.5,14.5,1.0
2561774,24.666666666666668,61.0,29.0,53.166666666666664,17.833333333333332,0.8333333333333334
2561775,36.5,82.9,46.379999999999995,37.82,15.8,0.925
2561776,36.5,82.9,46.379999999999995,37.82,15.8,0.925
2561777,59.285714285714285,96.92857142857143,75.19285714285715,15.914285714285715,8.892857142857142,0.6071428571428571
2561778,116.5,166.75,28.875,57.0,14.125,0.25
2561779,41.72727272727273,83.18181818181819,53.80909090909092,33.41818181818182,12.772727272727273,1.1818181818181819
2561780,47.785714285714285,97.64285714285714,71.56428571428572,20.22142857142857,8.214285714285714,1.1428571428571428
2561783,56.0,106.75,64.15,26.225,9.625,0.9375
2561784,56.0,106.75,64.15,26.225,9.625,0.9375
2561785,56.0,106.75,64.15,26.225,9.625,0.9375
2561786,59.375,100.0,68.29374999999999,21.174999999999997,10.53125,0.625
2561787,59.375,100.0,68.29375000000002,21.175,10.53125,0.625
2561788,50.666666666666664,96.33333333333333,72.45,18.05,9.5,0.6666666666666666
2561789,57.6875,96.6875,66.76874999999998,21.91875,11.3125,0.76875
2561790,85.33333333333333,121.66666666666667,71.60000000000001,18.566666666666666,9.833333333333334,0.25
2561791,55.1578947368421,92.89473684210526,77.23684210526315,14.81578947368421,7.947368421052632,0.6973684210526315
2561792,30.22222222222222,73.33333333333333,74.44444444444444,16.277777777777782,9.277777777777779,3.2222222222222223
2561793,63.6,104.0,47.0,39.6,13.4,3.45
2561794,57.0,104.0,60.419999999999995,29.579999999999995,10.0,1.85
2561795,102.0,152.0,26.5,53.5,20.0,2.0
2561796,41.05555555555556,83.55555555555556,86.0,8.63888888888889,5.361111111111111,0.7361111111111112
2561797,64.25,102.25,45.725,39.275,15.0,1.1875
2561814,35.733333333333334,80.6,79.22666666666667,14.106666666666667,6.666666666666667,2.3
2561815,50.125,100.875,87.5625,7.5625,4.875,0.90625
2561817,39.0,77.0,61.15,26.9125,11.9375,1.21875
2561819,53.0,114.0,62.4,24.6,13.0,0.25
2561820,53.0,114.0,62.4,24.6,13.0,0.25
2561821,73.28571428571429,110.57142857142857,56.814285714285724,30.4,12.785714285714286,0.7857142857142857
2561822,85.33333333333333,121.66666666666667,71.60000000000001,18.566666666666666,9.833333333333334,0.25
2561824,39.86666666666667,80.73333333333333,88.56666666666666,6.933333333333334,4.5,0.95
2561826,37.75,79.625,66.66250000000001,21.150000000000002,12.1875,1.46875
2561829,36.2,91.2,19.52,60.48,20.0,3.12
2639430,102.0,152.0,15.0,70.0,15.0,0.25
2639431,40.333333333333336,91.66666666666667,80.18333333333334,12.483333333333334,7.333333333333333,3.6666666666666665
2639432,39.583333333333336,93.66666666666667,78.15,14.641666666666666,7.208333333333333,1.1500000000000001
2639435,45.0,100.0,87.89999999999999,8.1,4.0,0.5833333333333334
2639436,31.8,66.3,88.27000000000001,6.9300000000000015,4.8,1.525
2639437,71.0,119.0,21.27777777777778,49.77777777777777,28.944444444444443,0.4166666666666667
2639438,71.0,119.0,21.27777777777778,49.77777777777777,28.944444444444443,0.4166666666666667
2639439,67.42857142857143,90.28571428571429,22.12857142857143,47.87142857142857,30.0,0.42857142857142855
2639440,50.54545454545455,73.18181818181819,23.59090909090909,46.4090909090909,30.0,0.5
2639441,48.7,76.9,64.86,23.990000000000002,11.15,0.475
2639442,62.5,84.1,66.29,23.36,10.35,0.475
2639443,58.18181818181818,82.9090909090909,80.08181818181818,13.054545454545455,6.863636363636363,0.5
2639444,70.875,93.75,73.86250000000001,17.3875,8.75,0.53125
2639445,7.5,22.5,45.2,42.3,12.5,0.875
2639446,7.5,22.5,45.2,42.3,12.5,0.875
2639447,25.125,56.5,47.912499999999994,36.9,15.1875,1.65625
2639448,65.44444444444444,103.22222222222223,56.27777777777778,26.11111111111111,17.61111111111111,0.4166666666666667
2639449,61.2,105.6,51.6,30.3,18.1,0.4
2639450,39.75,83.75,45.3,38.449999999999996,16.25,0.625
2639451,28.428571428571427,54.142857142857146,66.52857142857144,20.042857142857144,13.428571428571429,0.6071428571428571
2639452,28.428571428571427,54.142857142857146,66.52857142857144,20.042857142857144,13.428571428571429,0.6071428571428571
2639453,28.428571428571427,54.142857142857146,66.52857142857144,20.042857142857144,13.428571428571429,0.6071428571428571
2639454,33.1,66.3,60.620000000000005,26.48,12.9,0.625
2639455,31.071428571428573,64.21428571428571,68.52857142857144,21.435714285714287,10.035714285714286,1.1964285714285714
2639456,43.25,64.75,78.82499999999999,14.3,6.875,1.0625
2639457,43.25,64.75,78.82499999999999,14.3,6.875,1.0625
2639458,102.0,152.0,15.0,70.0,15.0,0.25
2639459,102.0,152.0,15.0,70.0,15.0,0.25
2639461,50.8,82.06666666666666,59.16,28.733333333333334,12.133333333333333,1.5333333333333334
2639462,59.375,100.0,68.29375,21.174999999999997,10.53125,0.625
2639463,29.428571428571427,65.42857142857143,43.00714285714286,34.06428571428571,15.785714285714286,5.660714285714286
2639464,47.526315789473685,95.52631578947368,76.48421052631579,15.331578947368422,8.18421052631579,0.7526315789473684
2639465,49.9375,94.25,72.94375,17.93125,9.125,0.78125
2639466,42.0,87.75,77.375,14.375,8.25,0.9375
2639467,46.526315789473685,96.78947368421052,76.33684210526314,15.689473684210524,7.973684210526316,0.9078947368421053
2639468,39.6875,81.5,87.0,8.09375,4.90625,1.984375
2639469,49.5,97.5,86.78,8.47,4.75,0.605
2639470,39.7,98.6,88.11999999999999,6.63,5.25,0.78
2639471,34.666666666666664,84.16666666666667,94.83333333333333,1.5,3.6666666666666665,0.5916666666666667
2639472,30.444444444444443,80.33333333333333,93.37777777777778,2.4,4.222222222222222,1.1722222222222223
2639473,45.0,100.0,87.89999999999999,8.1,4.0,0.5833333333333334
2639474,83.5,219.5,18.3,56.45,25.25,0.375
2639475,83.5,219.5,18.3,56.45,25.25,0.375
2639476,49.13333333333333,97.86666666666666,67.92,23.24666666666667,8.833333333333334,2.0
2639477,50.833333333333336,99.83333333333333,63.23333333333333,26.849999999999998,9.916666666666666,1.5416666666666667
2639481,50.833333333333336,99.83333333333333,63.23333333333333,26.849999999999998,9.916666666666666,1.5416666666666667
2683514,29.625,79.625,89.51249999999999,4.925,5.5625,2.25
2770585,32.0,82.66666666666667,25.566666666666666,36.93333333333334,37.5,4.5
2856646,45.0,95.0,92.25,4.625,3.125,0.46249999999999997
2861387,45.0,95.0,92.25,4.625,3.125,0.46249999999999997
2861389,43.25,93.25,92.25,4.625,3.125,0.46249999999999997
2861391,37.25,87.25,92.5,4.375,3.125,0.46249999999999997
2861497,41.5625,71.5,57.04375,28.58125,14.375,1.296875
2861498,41.06896551724138,72.0,63.53793103448275,21.75862068965517,11.255172413793103,3.2603448275862066
2861499,45.515151515151516,72.6969696969697,59.85757575757576,23.857575757575756,13.254545454545454,2.918181818181818
2861500,48.0,78.93103448275862,57.54137931034482,26.941379310344825,15.517241379310345,0.5862068965517241
2861501,47.275862068965516,78.10344827586206,52.67586206896552,30.513793103448272,16.810344827586206,0.7689655172413793
